{"img_p1/Basra_history.png":["img_p1/Basra_history.png"],"packages/cupertino_icons/assets/CupertinoIcons.ttf":["packages/cupertino_icons/assets/CupertinoIcons.ttf"],"img_p1/Education.png":["img_p1/Education.png"],"img_p1/Entertainment.png":["img_p1/Entertainment.png"],"img_p1/Exit.png":["img_p1/Exit.png"],"img_p1/Hospital.png":["img_p1/Hospital.png"],"img_p1/Hotel.png":["img_p1/Hotel.png"],"img_p2/Img1.jpg":["img_p2/Img1.jpg"],"img_p2/Img2.jpg":["img_p2/Img2.jpg"],"img_p2/Img3.jpg":["img_p2/Img3.jpg"],"img_p2/Img4.jpg":["img_p2/Img4.jpg"],"img_p2/Img5.png":["img_p2/Img5.png"],"img_p1/Logo.png":["img_p1/Logo.png"],"img_p1/Mosque.png":["img_p1/Mosque.png"],"img_p1/Photo_gallery.png":["img_p1/Photo_gallery.png"],"img_p1/Proposal.jpg":["img_p1/Proposal.jpg"],"img_p1/Restaurants.png":["img_p1/Restaurants.png"],"img_p1/Team_work.jpg":["img_p1/Team_work.jpg"],"img_p1/arrow.png":["img_p1/arrow.png"],"img_p1/email.png":["img_p1/email.png"],"img_p8/img1.PNG":["img_p8/img1.PNG"],"img_p3/img1.jpg":["img_p3/img1.jpg"],"img_p4/img1.jpg":["img_p4/img1.jpg"],"img_p5/img1.jpg":["img_p5/img1.jpg"],"img_p6/img1.jpg":["img_p6/img1.jpg"],"img_p7/img1.jpg":["img_p7/img1.jpg"],"img_p8/img10.jpg":["img_p8/img10.jpg"],"img_p4/img10.jpg":["img_p4/img10.jpg"],"img_p6/img10.jpg":["img_p6/img10.jpg"],"img_p7/img10.jpg":["img_p7/img10.jpg"],"img_p4/img11.jpg":["img_p4/img11.jpg"],"img_p6/img11.jpg":["img_p6/img11.jpg"],"img_p7/img11.jpg":["img_p7/img11.jpg"],"img_p7/img12.jpg":["img_p7/img12.jpg"],"img_p4/img12.jpg":["img_p4/img12.jpg"],"img_p7/img13.jpg":["img_p7/img13.jpg"],"img_p7/img14.jpg":["img_p7/img14.jpg"],"img_p7/img15.jpg":["img_p7/img15.jpg"],"img_p7/img16.jpg":["img_p7/img16.jpg"],"img_p7/img17.jpg":["img_p7/img17.jpg"],"img_p7/img18.jpg":["img_p7/img18.jpg"],"img_p7/img2.jpg":["img_p7/img2.jpg"],"img_p5/img2.jpg":["img_p5/img2.jpg"],"img_p4/img2.jpg":["img_p4/img2.jpg"],"img_p6/img2.jpg":["img_p6/img2.jpg"],"img_p8/img2.jpg":["img_p8/img2.jpg"],"img_p3/img2.jpg":["img_p3/img2.jpg"],"img_p5/img3.jpg":["img_p5/img3.jpg"],"img_p8/img3.jpg":["img_p8/img3.jpg"],"img_p6/img3.jpg":["img_p6/img3.jpg"],"img_p4/img3.jpg":["img_p4/img3.jpg"],"img_p3/img3.jpg":["img_p3/img3.jpg"],"img_p7/img3.jpg":["img_p7/img3.jpg"],"img_p4/img4.jpg":["img_p4/img4.jpg"],"img_p5/img4.jpg":["img_p5/img4.jpg"],"img_p6/img4.jpg":["img_p6/img4.jpg"],"img_p3/img4.jpg":["img_p3/img4.jpg"],"img_p8/img4.jpg":["img_p8/img4.jpg"],"img_p7/img4.jpg":["img_p7/img4.jpg"],"img_p4/img5.jpg":["img_p4/img5.jpg"],"img_p5/img5.jpg":["img_p5/img5.jpg"],"img_p8/img5.jpg":["img_p8/img5.jpg"],"img_p6/img5.jpg":["img_p6/img5.jpg"],"img_p3/img5.jpg":["img_p3/img5.jpg"],"img_p7/img5.jpg":["img_p7/img5.jpg"],"img_p5/img6.jpg":["img_p5/img6.jpg"],"img_p4/img6.jpg":["img_p4/img6.jpg"],"img_p6/img6.jpg":["img_p6/img6.jpg"],"img_p7/img6.jpg":["img_p7/img6.jpg"],"img_p3/img6.jpg":["img_p3/img6.jpg"],"img_p8/img6.jpg":["img_p8/img6.jpg"],"img_p7/img7.jpg":["img_p7/img7.jpg"],"img_p8/img7.jpg":["img_p8/img7.jpg"],"img_p3/img7.jpg":["img_p3/img7.jpg"],"img_p4/img7.jpg":["img_p4/img7.jpg"],"img_p6/img7.jpg":["img_p6/img7.jpg"],"img_p7/img8.jpg":["img_p7/img8.jpg"],"img_p8/img8.jpg":["img_p8/img8.jpg"],"img_p4/img8.jpg":["img_p4/img8.jpg"],"img_p6/img8.jpg":["img_p6/img8.jpg"],"img_p7/img9.jpg":["img_p7/img9.jpg"],"img_p6/img9.jpg":["img_p6/img9.jpg"],"img_p4/img9.jpg":["img_p4/img9.jpg"],"img_p8/img9.jpg":["img_p8/img9.jpg"],"img_p1/map.png":["img_p1/map.png"],"img_p1/%D8%A7%D8%AA%D8%B5%D9%84%20%D8%A8%D9%86%D8%A7.png":["img_p1/%D8%A7%D8%AA%D8%B5%D9%84%20%D8%A8%D9%86%D8%A7.png"],"img_p1/%D8%A7%D9%84%D8%AE%D8%B1%D9%8A%D8%B7%D8%A9.jpg":["img_p1/%D8%A7%D9%84%D8%AE%D8%B1%D9%8A%D8%B7%D8%A9.jpg"],"img_p1/%D8%A7%D9%84%D8%B5%D9%81%D8%AD%D8%A9%20%D8%A7%D9%84%D8%B1%D8%A6%D9%8A%D8%B3%D9%8A%D8%A9.png":["img_p1/%D8%A7%D9%84%D8%B5%D9%81%D8%AD%D8%A9%20%D8%A7%D9%84%D8%B1%D8%A6%D9%8A%D8%B3%D9%8A%D8%A9.png"],"img_p1/%D8%AD%D9%88%D9%84%20%D8%A7%D9%84%D8%AA%D8%B7%D8%A8%D9%8A%D9%82.png":["img_p1/%D8%AD%D9%88%D9%84%20%D8%A7%D9%84%D8%AA%D8%B7%D8%A8%D9%8A%D9%82.png"],"img_p1/%D8%AD%D9%88%D9%84%20%D8%A7%D9%84%D9%85%D8%A8%D8%A7%D8%AF%D8%B1%D8%A9.png":["img_p1/%D8%AD%D9%88%D9%84%20%D8%A7%D9%84%D9%85%D8%A8%D8%A7%D8%AF%D8%B1%D8%A9.png"],"img_p1/%D9%81%D8%B1%D9%8A%D9%82%20%D8%A7%D9%84%D8%B9%D9%85%D9%84.png":["img_p1/%D9%81%D8%B1%D9%8A%D9%82%20%D8%A7%D9%84%D8%B9%D9%85%D9%84.png"],"img_p1/%D9%83%D9%88%D8%B1%D9%86%D9%8A%D8%B4.PNG":["img_p1/%D9%83%D9%88%D8%B1%D9%86%D9%8A%D8%B4.PNG"],"img_p1/%D9%85%D8%A8%D8%A7%D8%AF%D8%B1%D8%A9.png":["img_p1/%D9%85%D8%A8%D8%A7%D8%AF%D8%B1%D8%A9.png"],"img_p1/%D9%85%D9%82%D8%AA%D8%B1%D8%AD%D8%A7%D8%AA.png":["img_p1/%D9%85%D9%82%D8%AA%D8%B1%D8%AD%D8%A7%D8%AA.png"]}